{
    " > 500": {
        "CoT": {
            "deepseek-r1:1.5b": [
                [
                    0.75,
                    1.0,
                    0.6666666666666666,
                    0.8
                ],
                [
                    0.25,
                    0,
                    0.0,
                    0
                ],
                [
                    0.25,
                    0,
                    0.0,
                    0
                ]
            ],
            "llama3.2": [
                [
                    0.25,
                    0,
                    0.0,
                    0
                ],
                [
                    0.25,
                    0,
                    0.0,
                    0
                ],
                [
                    0.25,
                    0,
                    0.0,
                    0
                ]
            ]
        },
        "direct": {
            "deepseek-r1:1.5b": [
                [
                    0.5,
                    1.0,
                    0.3333333333333333,
                    0.5
                ],
                [
                    0.25,
                    0,
                    0.0,
                    0
                ],
                [
                    0.25,
                    0.5,
                    0.3333333333333333,
                    0.4
                ]
            ],
            "llama3.2": [
                [
                    0.25,
                    0,
                    0.0,
                    0
                ],
                [
                    0.25,
                    0,
                    0.0,
                    0
                ],
                [
                    0.25,
                    0,
                    0.0,
                    0
                ]
            ]
        }
    },
    " > 200 \u00b0C": {
        "CoT": {
            "deepseek-r1:1.5b": [
                [
                    0.5,
                    0.0,
                    0.0,
                    0
                ],
                [
                    0.75,
                    0,
                    0.0,
                    0
                ],
                [
                    0.75,
                    0,
                    0.0,
                    0
                ]
            ],
            "llama3.2": [
                [
                    0.75,
                    0,
                    0.0,
                    0
                ],
                [
                    0.75,
                    0,
                    0.0,
                    0
                ],
                [
                    0.75,
                    0,
                    0.0,
                    0
                ]
            ]
        },
        "direct": {
            "deepseek-r1:1.5b": [
                [
                    0.75,
                    0.5,
                    1.0,
                    0.6666666666666666
                ],
                [
                    0.0,
                    0.0,
                    0.0,
                    0
                ],
                [
                    0.5,
                    0.3333333333333333,
                    1.0,
                    0.5
                ]
            ],
            "llama3.2": [
                [
                    0.75,
                    0,
                    0.0,
                    0
                ],
                [
                    0.75,
                    0,
                    0.0,
                    0
                ],
                [
                    0.75,
                    0,
                    0.0,
                    0
                ]
            ]
        }
    },
    " > 90": {
        "CoT": {
            "deepseek-r1:1.5b": [
                [
                    0.75,
                    0,
                    0.0,
                    0
                ],
                [
                    1.0,
                    1.0,
                    1.0,
                    1.0
                ],
                [
                    0.75,
                    0,
                    0.0,
                    0
                ]
            ],
            "llama3.2": [
                [
                    0.75,
                    0,
                    0.0,
                    0
                ],
                [
                    0.75,
                    0,
                    0.0,
                    0
                ],
                [
                    0.75,
                    0,
                    0.0,
                    0
                ]
            ]
        },
        "direct": {
            "deepseek-r1:1.5b": [
                [
                    0.25,
                    0.0,
                    0.0,
                    0
                ],
                [
                    0.75,
                    0,
                    0.0,
                    0
                ],
                [
                    0.75,
                    0,
                    0.0,
                    0
                ]
            ],
            "llama3.2": [
                [
                    0.75,
                    0,
                    0.0,
                    0
                ],
                [
                    0.75,
                    0,
                    0.0,
                    0
                ],
                [
                    0.75,
                    0,
                    0.0,
                    0
                ]
            ]
        }
    },
    " > 180 \u00b0C": {
        "CoT": {
            "deepseek-r1:1.5b": [
                [
                    0.75,
                    0,
                    0.0,
                    0
                ],
                [
                    0.75,
                    0,
                    0.0,
                    0
                ],
                [
                    0.5,
                    0.0,
                    0.0,
                    0
                ]
            ],
            "llama3.2": [
                [
                    0.75,
                    0,
                    0.0,
                    0
                ],
                [
                    0.75,
                    0,
                    0.0,
                    0
                ],
                [
                    0.75,
                    0,
                    0.0,
                    0
                ]
            ]
        },
        "direct": {
            "deepseek-r1:1.5b": [
                [
                    0.5,
                    0.0,
                    0.0,
                    0
                ],
                [
                    0.75,
                    0,
                    0.0,
                    0
                ],
                [
                    1.0,
                    1.0,
                    1.0,
                    1.0
                ]
            ],
            "llama3.2": [
                [
                    0.75,
                    0,
                    0.0,
                    0
                ],
                [
                    0.75,
                    0,
                    0.0,
                    0
                ],
                [
                    0.75,
                    0,
                    0.0,
                    0
                ]
            ]
        }
    }
}