{
    " > 500": {
        "direct": {
            "gemini-2.0-flash": [
                [
                    0.75,
                    1.0,
                    0.6666666666666666,
                    0.8
                ],
                [
                    1.0,
                    1.0,
                    1.0,
                    1.0
                ],
                [
                    0.75,
                    1.0,
                    0.6666666666666666,
                    0.8
                ]
            ],
            "gemini-1.5-flash": [
                [
                    0.75,
                    1.0,
                    0.6666666666666666,
                    0.8
                ],
                [
                    1.0,
                    1.0,
                    1.0,
                    1.0
                ],
                [
                    0.75,
                    1.0,
                    0.6666666666666666,
                    0.8
                ]
            ]
        },
        "CoT": {
            "gemini-2.0-flash": [
                [
                    1.0,
                    1.0,
                    1.0,
                    1.0
                ],
                [
                    1.0,
                    1.0,
                    1.0,
                    1.0
                ],
                [
                    1.0,
                    1.0,
                    1.0,
                    1.0
                ]
            ],
            "gemini-1.5-flash": [
                [
                    1.0,
                    1.0,
                    1.0,
                    1.0
                ],
                [
                    1.0,
                    1.0,
                    1.0,
                    1.0
                ]
            ]
        }
    },
    " > 200 \u00b0C": {
        "direct": {
            "gemini-2.0-flash": [
                [
                    0.25,
                    0.25,
                    1.0,
                    0.4
                ],
                [
                    0.25,
                    0.25,
                    1.0,
                    0.4
                ],
                [
                    0.25,
                    0.25,
                    1.0,
                    0.4
                ]
            ],
            "gemini-1.5-flash": [
                [
                    0.25,
                    0.25,
                    1.0,
                    0.4
                ],
                [
                    0.25,
                    0.25,
                    1.0,
                    0.4
                ],
                [
                    0.25,
                    0.25,
                    1.0,
                    0.4
                ]
            ]
        },
        "CoT": {
            "gemini-2.0-flash": [
                [
                    1.0,
                    1.0,
                    1.0,
                    1.0
                ],
                [
                    1.0,
                    1.0,
                    1.0,
                    1.0
                ],
                [
                    1.0,
                    1.0,
                    1.0,
                    1.0
                ]
            ],
            "gemini-1.5-flash": [
                [
                    1.0,
                    1.0,
                    1.0,
                    1.0
                ],
                [
                    1.0,
                    1.0,
                    1.0,
                    1.0
                ],
                [
                    1.0,
                    1.0,
                    1.0,
                    1.0
                ]
            ]
        }
    },
    " > 90": {
        "direct": {
            "gemini-2.0-flash": [
                [
                    0.75,
                    0.5,
                    1.0,
                    0.6666666666666666
                ],
                [
                    0.75,
                    0.5,
                    1.0,
                    0.6666666666666666
                ]
            ],
            "gemini-1.5-flash": [
                [
                    0.75,
                    0.5,
                    1.0,
                    0.6666666666666666
                ],
                [
                    0.75,
                    0.5,
                    1.0,
                    0.6666666666666666
                ],
                [
                    0.75,
                    0.5,
                    1.0,
                    0.6666666666666666
                ]
            ]
        },
        "CoT": {
            "gemini-2.0-flash": [
                [
                    0.5,
                    0.0,
                    0.0,
                    0
                ],
                [
                    0.5,
                    0.0,
                    0.0,
                    0
                ],
                [
                    1.0,
                    1.0,
                    1.0,
                    1.0
                ]
            ],
            "gemini-1.5-flash": [
                [
                    1.0,
                    1.0,
                    1.0,
                    1.0
                ],
                [
                    0.5,
                    0.0,
                    0.0,
                    0
                ],
                [
                    1.0,
                    1.0,
                    1.0,
                    1.0
                ]
            ]
        }
    },
    " > 180 \u00b0C": {
        "direct": {
            "gemini-2.0-flash": [
                [
                    0.25,
                    0.25,
                    1.0,
                    0.4
                ],
                [
                    0.25,
                    0.25,
                    1.0,
                    0.4
                ],
                [
                    0.25,
                    0.25,
                    1.0,
                    0.4
                ]
            ],
            "gemini-1.5-flash": [
                [
                    0.25,
                    0.25,
                    1.0,
                    0.4
                ],
                [
                    0.25,
                    0.25,
                    1.0,
                    0.4
                ],
                [
                    0.25,
                    0.25,
                    1.0,
                    0.4
                ]
            ]
        },
        "CoT": {
            "gemini-2.0-flash": [
                [
                    1.0,
                    1.0,
                    1.0,
                    1.0
                ],
                [
                    1.0,
                    1.0,
                    1.0,
                    1.0
                ],
                [
                    1.0,
                    1.0,
                    1.0,
                    1.0
                ]
            ],
            "gemini-1.5-flash": [
                [
                    0.5,
                    0.0,
                    0.0,
                    0
                ],
                [
                    1.0,
                    1.0,
                    1.0,
                    1.0
                ]
            ]
        }
    }
}