{
    "direct": {
        "gemini-2.0-flash": [
            [
                0.25,
                0.25,
                1.0,
                0.4
            ],
            [
                0.25,
                0.25,
                1.0,
                0.4
            ],
            [
                0.25,
                0.25,
                1.0,
                0.4
            ]
        ],
        "gemini-1.5-flash": [
            [
                0.25,
                0.25,
                1.0,
                0.4
            ],
            [
                0.25,
                0.25,
                1.0,
                0.4
            ],
            [
                0.25,
                0.25,
                1.0,
                0.4
            ]
        ]
    },
    "cot": {
        "gemini-2.0-flash": [
            [
                0.75,
                0.5,
                1.0,
                0.6666666666666666
            ],
            [
                1.0,
                1.0,
                1.0,
                1.0
            ],
            [
                0.75,
                0,
                0.0,
                0
            ]
        ],
        "gemini-1.5-flash": [
            [
                0.5,
                0.0,
                0.0,
                0
            ],
            [
                0.75,
                0.5,
                1.0,
                0.6666666666666666
            ],
            [
                0.5,
                0.0,
                0.0,
                0
            ]
        ]
    }
}